{
    "loss": 1.1439038515090942,
    "accuracy": 0.6978417038917542
}