{
    "loss": 14.04636287689209,
    "accuracy": 0.5467625856399536
}